No,Part code,Title,Note,QNT,Model
1,533807101E,bumper with bracket and cover,,1,
1,533807101E 2BC,graphite,,1,
1,533807101F,bumper with bracket and cover for vehicles with headlight washer system,,1,
1,533807101F 2BC,graphite,,1,
2,533807109,Reinforcement,,1,
3,533807113,Bumper carrier,left,1,
4,533807114,Bumper carrier,right,1,
5,113707191C,flat round head bolt,M8X15,6,
6,N 0122283,Spring washer,8,6,
7,N 0110088,Hexagon nut,M8,6,
8,533807133,Distance piece,,2,
9,533807139,Bracket,,2,
10,533807538,Clip,,8,
11,533807821E,Bumper cover,,1,
11,533807821E 2BC,graphite,,1,
12,803199347,Spring washer,13,4,
13,N 0402452,Hexagon bolt,M12X25,4,
14,533853963A,Trim,,1,"SCIR.CL,"
14,533853963A 739,chromed,,1,"GL,GLS,GLI"
14,533853963C,Trim,,1,"SCIR.GT,GTI"
14,533853963C 01C,Satin black,,1,"GTS,GTX"
15,533955101B,Nozzle carrier w/spray nozzle for vehicles with headlight washer system,left,1,
15,533955102B,Nozzle carrier w/spray nozzle for vehicles with headlight washer system,right,1,
16,N 0122265,Spring washer,6,4,
17,N 0110068,Hexagon nut,M6,4,
18,533955251,spacer bush only for:,533 955 101 A/ 533 955 102 B,X,